sid,section_id,course_num
670005,866899,813090
931229,496416,486674
405457,313456,686228
894472,636496,548212
305299,941656,712984
307593,423573,392372
921583,822405,726833
961181,864515,910068
258529,180859,245694
914926,791801,870317
403433,873057,993435
128502,659039,951590
561381,588396,691491
337924,432340,519809
552906,941300,433018
506478,815726,151809
137391,287105,830265
126838,834086,747939
640473,942337,129479
321645,278929,969664
692578,550966,802597
970792,688614,115039
871167,746298,349573
439583,646183,364469
674069,523981,725395
497013,138498,879688
444717,266976,109136
268065,378348,717834
835975,856211,243662
746054,248342,477662
475683,789268,938323
994761,772520,307704
611422,699800,323611
896800,836953,700631
897797,419910,620584
458094,377433,134233
441576,433617,668197
957570,621540,826634
730912,441269,525054
575242,382440,714131
366909,864306,112970
866941,212849,890489
661036,999181,493385
229696,134058,129479
905292,936720,731204
690176,346505,724779
478923,136885,571139
812063,386278,541828
975344,999507,731971
752476,937466,188636
997875,669815,316622
242896,998032,346387
589035,501237,432161
936500,542105,910068
555916,658203,472937
824886,918875,614240
186808,681456,469106
373872,950958,706531
127253,272874,577018
241455,721813,122888
620468,274461,342853
728472,175866,547709
514828,907690,600404
235030,814688,762630
191591,250460,387702
344737,476926,993239
125490,856279,430516
664304,550536,455154
355055,923151,577650
532061,254240,578075
578752,561755,890022
390499,639794,648690
632830,776434,107027
928571,641295,961525
225006,990699,342853
337924,990962,725000
383376,739131,558179
577442,312400,440760
849313,247628,825200
888076,509959,405673
235030,851007,838247
241455,511838,236500
380882,605977,555640
129983,386783,163992
369228,373912,770816
905817,575072,369309
877505,872328,519137
279005,960157,509310
961581,425027,926419
794971,486232,248408
633016,647411,386918
425081,954143,912058
205706,523517,269259
399550,606346,380960
749906,542696,461748
856805,378348,717834
771026,276704,550543
208802,140077,219472
227383,884583,559965
236598,714045,174582
561381,266851,888400
778299,273086,131988
976670,389363,993435
928257,378654,355568
749410,114592,117127
748408,824176,607238
825155,122505,292734
229696,900250,645696
810838,669286,809631
564162,708345,605173
865057,134376,702640
997530,312400,440760
216038,641295,961525
587477,467814,888166
730455,999359,112458
824886,769878,587846
915918,318268,245694
683072,806196,596466
510098,889921,723613
164620,451578,393268
163217,757548,281576
683140,775446,840025
752476,961059,741440
137291,137722,599450
326689,583590,104098
362261,416208,446650
672924,240604,923305
128814,526247,219472
914926,655459,605173
318544,519427,675228
945945,101614,110821
119945,689335,596820
886920,454630,217895
365824,348226,452968
219087,480974,309440
626228,187339,617346
445733,897515,494204
782967,952615,861861
530114,821381,976022
154137,253926,260940
125230,211737,951590
243324,562559,671748
687745,522023,286290
239215,912177,600404
477072,538298,471523
611422,306467,809631
722777,785900,219146
971970,810260,929665
338509,406211,578075
507294,882875,796947
999836,797016,733713
858715,873110,359779
619867,290415,177773
990472,860060,788115
256249,334225,300583
846867,709706,847593
478923,366804,196078
164035,690221,837729
976670,721889,996824
339561,926421,825200
416977,637573,149030
957570,209539,469106
580899,594086,788115
392022,142748,388786
353064,168352,492789
411516,102346,778173
328504,924218,794659
881717,940203,765843
810693,506216,681779
404761,847174,274530
905292,297232,230487
401253,521797,778276
868677,492111,954134
625089,593414,417261
506478,599665,720324
670005,189358,295619
527492,290918,951404
514828,125708,540274
821054,677136,166438
919157,708912,148671
445959,799233,137098
451957,946086,571139
438233,874866,353109
339561,342633,159474
113656,588234,938323
990415,825907,723599
357015,549654,760577
855433,900723,932880
887761,302312,836694
334822,584630,104309
769217,639496,796947
266056,709847,275747
391439,926421,825200
788744,864311,205559
534387,666780,502301
109744,973150,278447
107062,168352,492789
574498,667403,378577
632830,206281,553156
345348,294812,250053
936500,806237,346367
683072,955762,864044
547053,875847,492789
236598,226952,847593
391439,131502,763151
928257,128372,154155
691279,862099,819719
150973,504946,104439
692705,370262,407109
518966,174645,131988
683072,741841,981612
868677,788289,599778
164620,480218,679334
357256,995846,948659
218726,311761,386918
874370,570223,996093
200680,265476,961533
694061,229445,294022
328280,454227,324920
960075,658338,777909
975344,634015,545067
134075,628750,904271
673220,871739,614240
226095,922233,236500
225006,784524,137098
405457,109434,680926
359179,498058,981612
327025,135656,691234
129414,673003,777270
772997,262667,415419
716751,371065,571139
113656,352522,160376
720526,369156,356788
353064,671273,251884
105204,406372,688817
532061,145594,700631
616786,666780,502301
552869,357004,918750
246351,405363,273912
129983,417798,206002
526936,332047,165254
164620,241536,458422
597384,848419,284477
212330,148869,415419
326974,593276,576011
940563,918017,741440
588599,552923,660444
218726,821258,193325
960075,973480,519809
164851,845283,387702
809779,796637,485429
802347,640539,303731
770540,515407,776837
902334,393587,572536
346849,598887,856697
412003,738332,916782
326974,282819,725000
420925,326592,604258
630305,802801,452243
691279,183042,550543
196223,855288,667726
876202,689332,932280
847058,704985,815806
489962,929729,616662
776611,652736,870777
606013,828663,867861
639357,827497,146438
253660,977339,134233
565059,116637,434771
670005,134376,702640
505725,637033,650560
781473,957725,534273
692578,920980,138576
135627,590341,837280
445733,588985,767681
453567,914377,825624
650783,984625,349723
905817,996100,168345
822568,687839,538271
751207,600152,354422
253660,218639,547279
368003,783611,561992
137391,283020,540979
489962,586423,699661
773541,332046,983407
930606,484681,122134
281757,776434,107027
749410,646943,695213
143845,991779,886109
163344,392659,263556
161073,240674,127499
240896,235628,733072
107062,627444,620584
138803,142812,916782
299688,931761,709696
405783,786370,729670
211504,339351,593481
150973,124826,620271
273321,383724,894268
235549,309352,486674
416127,218012,753323
963760,262593,286290
346219,286176,597731
465116,752119,622583
649113,239780,616662
696918,521797,778276
483251,341084,793799
530462,481839,688300
464342,915970,597731
453567,958024,686415
132242,218789,323611
451957,560319,590173
999836,265402,338718
453268,827455,922737
853831,486814,260566
860395,284110,793799
617507,960157,509310
849313,100209,691491
259495,296548,253310
183154,356055,148362
440431,299740,274530
256543,902677,714133
876202,621540,826634
609765,465118,592685
324148,197574,707262
720526,968456,349449
627899,614504,161256
736620,754064,405673
503321,133538,840167
893973,704985,815806
585217,577416,571370
107062,860086,946931
549518,483602,465884
321645,844762,602040
270634,858996,938649
241455,271089,128955
186992,275798,797068
580899,675739,224784
497013,656538,868341
448090,255741,432350
505725,186480,448248
183154,831486,345415
656572,855484,908571
904110,911829,886090
922490,966762,613187
171565,751755,648690
588599,295322,318535
239215,586245,421898
678583,959448,105274
604275,806976,749223
727109,218777,128955
131754,171164,886736
401523,772647,527651
247284,849946,667100
135627,597640,880416
661036,548766,958022
534387,857348,886599
765513,692061,434310
307593,761377,602047
922383,579514,909558
173374,870188,778276
566770,564552,814630
334822,322111,368284
523045,275459,440971
530462,905928,893885
114877,455124,319944
453567,383061,310440
555916,424283,118902
761346,748742,405528
620596,967057,617346
368061,752119,622583
136122,503973,471523
742809,884566,973552
563918,991543,333260
256249,403290,951590
344649,302607,746444
213225,801334,869394
905292,283089,723638
449876,657209,698078
243324,996645,337311
244671,984183,203933
593088,312958,317121
124057,316650,833445
478923,645997,845833
716751,178819,556960
555075,784705,338035
603942,140077,219472
505725,343935,498480
224751,562458,324109
240056,855288,667726
399235,861929,316622
603942,248626,544568
436356,273901,968803
544870,708345,605173
423480,405964,686415
917357,178819,556960
575242,218417,295290
941693,378660,199207
518966,120208,567756
235549,348170,714414
266056,617286,932978
311091,975858,679531
795651,410072,264685
994761,321806,452243
702059,735964,365108
952320,204794,407109
202374,982445,783875
971970,252718,319271
199095,914377,825624
673891,526708,442350
954963,359108,593808
271550,948939,347985
147955,502846,420451
357015,396415,289272
100318,599964,322550
419002,644128,534273
882339,503212,470145
276710,336161,981612
816978,494604,949103
936511,950678,847496
280165,587723,731858
479641,516509,472937
771026,945310,521382
887761,991948,228710
781083,355349,880968
716751,606047,118902
523045,182222,347843
622718,634857,838247
646697,917462,524357
103042,390831,637917
730455,208102,527651
820881,604744,338035
779046,941656,712984
114860,797248,645696
840498,147418,221237
305127,740915,275107
189933,469003,938762
637327,393454,577500
225039,430281,381760
355055,109434,680926
578752,116715,685094
905292,944273,774990
521470,722996,405528
362261,642081,731726
445959,600152,354422
191952,905959,954215
765513,286932,427791
728472,216046,717834
359179,712725,794403
995331,225293,203181
950308,387386,654685
280165,965516,193588
150973,425429,885128
680980,710994,393268
272298,609990,806605
680980,595627,585912
678583,346540,960391
901728,973480,519809
643195,368495,243537
788744,672968,177773
557094,665877,671855
437823,461453,198395
411516,561873,958022
701204,412730,798813
854828,594376,486674
702059,766339,923305
183154,760558,602086
437646,938581,348184
777268,870613,599227
344737,873458,720660
226095,905928,893885
975250,488457,751047
555075,565983,928384
214246,658203,472937
386932,776303,345415
187520,274192,354422
184933,756732,378549
509057,484520,404785
112408,367510,278053
305299,647800,325752
212330,684017,221669
960370,789182,492789
585217,823765,823962
683140,394714,566965
343555,369156,356788
146617,433617,668197
841969,209733,399975
269156,101195,386918
560431,788128,383959
630305,629141,219472
141270,566891,363136
899470,588396,691491
564162,162100,674290
137144,679091,131547
137391,412530,346367
328280,321553,146438
477901,505153,165254
992682,709391,524210
794862,549552,328283
153700,762418,522939
151233,592659,776837
419418,997399,342118
607562,851272,461966
935113,209399,349723
603942,583845,883381
127253,681606,305970
549525,831275,645953
700489,976458,500677
718809,224742,168345
344737,770020,774990
259495,690221,837729
673827,493204,368284
629967,176951,534273
471159,813803,791925
206099,969028,940950
269156,665562,868533
634396,935993,374735
783252,664297,861861
444326,589853,642531
588763,941681,834608
136122,307037,789547
183248,896880,136664
671786,523884,431671
732167,290587,405528
193921,911020,578983
477072,674503,142315
728208,110610,873381
129414,966860,765843
882339,585403,530825
440431,963400,203254
987854,571614,235992
574733,583845,883381
191952,779458,885128
564162,323521,797068
881717,698219,802597
621040,480448,770816
424021,923145,148732
599911,844376,880968
401523,127668,259682
578752,963149,880416
223886,253307,691802
391439,452209,318535
416977,989825,595545
259495,841956,948540
199095,967902,684065
895088,911020,578983
536186,599964,322550
571859,942769,578983
878323,532471,833582
770540,319489,193325
325173,302322,907283
150973,758996,162115
737963,330889,260940
898446,122064,893126
844071,662527,791925
328280,432851,157112
269156,392161,227335
478923,758599,329406
629967,869415,934816
128323,900322,218408
809779,538247,710574
150973,152873,645953
872317,118698,934816
798105,984637,765815
779046,174470,657239
440431,340963,873848
450468,199935,739335
402150,240604,923305
250866,652847,388280
692578,348226,452968
128323,167987,568069
844071,661939,133003
121771,423419,510243
484889,195763,511905
765392,553331,796947
199095,114975,489433
656572,136764,128955
489127,873458,720660
837045,441631,342118
328396,607047,235203
571859,299740,274530
691279,911020,578983
789557,280032,793799
649113,427686,675500
757557,588985,767681
249961,720436,359779
658521,683450,690466
984539,198232,150936
132242,842111,719823
811800,522620,141009
936840,449885,355568
640407,204947,436168
367591,326898,550115
981432,399968,378549
153700,442010,524210
583059,680437,915217
454764,711725,436168
420168,364554,325032
137391,671273,251884
385866,435504,138576
628926,586647,724779
652381,882983,723586
707497,465362,193325
121771,976075,331989
477072,193000,365108
899470,277724,873381
754046,968416,641713
743516,831850,857709
691279,341084,793799
727591,408218,127499
357150,775391,456308
876567,178077,245694
147705,990676,688300
236598,918199,603174
925919,957485,790756
925919,894774,108145
877591,984623,134233
267329,993796,741534
340919,617286,932978
810693,832200,259299
969482,393593,694845
876202,894745,356788
836366,990727,526758
279590,642790,616662
233999,871734,847496
479641,581540,547464
105204,110027,502095
844071,924760,316622
457925,396887,562672
746668,643411,551420
128620,523981,725395
378119,698201,345142
223084,496284,691491
396419,305142,796947
300636,691675,212123
652381,519681,243122
604275,797248,645696
702059,683089,218159
470941,717525,684919
975870,267882,601027
357150,303675,939720
212844,334244,537961
896671,546319,469760
214246,533630,908571
914926,847973,159474
243282,802986,102428
416320,547569,529574
453268,202668,576011
690176,387643,168345
478923,708984,836694
542683,438039,259852
300636,650349,902105
339561,765457,968803
270545,357292,240005
360785,191268,185377
588487,210431,915181
318189,325229,541828
607562,925333,485429
157502,151873,771045
905292,802986,102428
514828,522620,141009
939435,375472,840796
980324,432851,157112
134283,163400,393571
256127,437618,561992
164851,365306,917579
992249,636425,388786
656572,487472,953196
178623,586245,421898
665575,812729,843748
910460,103913,968434
786077,390437,578518
146617,446220,100599
186992,182222,347843
977133,716114,440760
422020,324720,629715
852979,102346,778173
732124,824243,259852
922490,626250,146376
715225,451468,595488
544898,339957,915181
690176,827222,740370
549525,740345,193325
444476,889139,153950
652194,899973,545890
227383,944273,774990
458094,171684,247436
884571,744327,300583
548851,906665,123776
560431,746676,973863
673891,555433,797068
720526,374982,961533
574388,890320,929665
532061,754828,501780
810838,135533,251222
575242,586423,699661
268065,993867,636705
249692,856279,430516
988853,829866,834567
858715,256323,723613
259495,977262,405673
255368,836676,577650
400329,330889,260940
765392,678932,389736
673220,822064,329406
864299,243922,174807
853543,123045,498480
302955,662527,791925
176905,752119,622583
724460,524099,695835
492153,957015,881582
718116,348451,522939
847058,737754,834089
575832,312400,440760
437646,346789,861861
658545,128284,919528
646697,159764,971242
665575,780956,837280
240911,931099,394492
325173,480659,714131
302955,657505,707108
403433,372947,359779
780591,375053,599450
954963,657209,698078
659840,972741,617706
450678,533630,908571
984539,849055,788679
564860,323093,363069
811800,120208,567756
132481,965882,218159
609765,897079,502095
628436,557435,891264
649338,843205,432350
135627,525412,915181
587658,721457,840025
530114,697276,817767
615191,664738,733713
355327,405495,871822
961181,822471,949150
770540,355349,880968
605296,900322,218408
257984,593574,723599
265425,317517,104309
584094,961610,389736
707497,962500,551420
801914,892749,688300
959754,261410,518955
878323,204019,182598
544870,705874,241045
703664,538247,710574
998340,638218,317680
227383,938901,754053
146617,993211,474414
586469,845283,387702
242896,496986,149030
941693,102672,132009
191952,296568,274530
853543,353747,331989
853265,737754,834089
898446,564552,814630
779920,402383,461748
743516,444931,607935
555075,887135,109136
798105,830513,338035
848264,914565,874160
702059,289285,921010
158969,802041,896882
129983,802703,273948
878926,536528,317680
137185,762418,522939
825155,596254,494331
533089,827138,793200
196446,683230,673942
780834,776128,104309
424071,151873,771045
914926,715259,546733
974166,754513,453883
641065,241587,733713
957754,207386,662926
588599,976075,331989
212522,542166,915181
732124,358949,250053
678583,476511,308691
553634,642336,973628
344737,169073,177773
893973,634225,108145
935113,359332,286290
326974,447727,517185
229350,884657,729670
852979,367663,434771
302955,303209,694933
602578,413602,861861
185733,969028,940950
132481,108436,359521
678583,142812,916782
751468,911829,886090
928257,984751,642531
804588,474331,305482
327954,723574,680261
445733,149784,916782
409494,103367,253310
136312,678932,389736
949425,899714,924262
903846,296782,372912
611422,900991,486235
718116,798677,816071
132481,642241,547763
223886,847768,681843
905817,657189,314193
762036,291968,776837
253660,536639,585753
102215,642790,616662
809779,629419,205913
727852,636821,425430
626228,642790,616662
437646,406167,324109
129983,911020,578983
453567,978855,617346
888600,129647,888347
957570,658120,672214
961581,856279,430516
197929,124128,915181
915619,668265,393132
718809,694003,495637
116776,582994,719468
728472,218425,400504
220857,961993,674290
806775,341495,741534
288905,443774,723977
652194,585239,289152
517722,761063,865296
682270,948722,937161
868677,821777,934816
268263,707813,597307
658104,685818,733205
621438,164583,659396
987854,154328,885772
136122,378660,199207
243950,296568,274530
650586,148869,415419
874641,135533,251222
969482,147942,690466
444717,597640,880416
762036,395095,932280
410929,369393,238497
853265,380421,639940
836366,201836,416348
614921,593453,742194
479641,649307,868533
700489,962945,317063
727109,129225,685094
702059,331702,325032
903846,749247,329406
375776,137562,338035
137035,183390,108145
419661,573207,777960
157502,855506,838969
214901,320273,414201
641908,708984,836694
378119,489427,938762
186808,359443,886109
280514,127097,731858
671786,494604,949103
760160,809021,723586
637327,611181,620271
473855,581622,193588
638954,196681,374735
947008,446220,100599
153915,186480,448248
957570,688840,559197
949425,505547,583823
690176,610686,868341
399550,410072,264685
399235,463741,338718
896800,135014,125542
757855,991779,886109
184933,832964,540274
470491,916402,191844
288017,248342,477662
902615,655459,605173
519004,811600,545514
501162,204880,291041
489127,581540,547464
325315,715421,890792
841249,834216,741440
875234,851007,838247
305299,900285,870777
490908,676203,535373
439583,965628,740370
379301,115196,937161
663705,159416,883381
918904,226634,813090
751797,308175,546720
976670,565810,663151
994761,389200,494331
757855,931733,951404
225039,134336,186248
876567,701139,613386
851179,915970,597731
239179,722262,712984
125971,955000,939656
309298,772002,778173
562279,201735,928384
997530,875847,492789
187520,722262,712984
890233,755348,585753
186992,430682,491726
729826,784524,137098
250661,570338,517185
438233,941300,433018
132876,703018,857709
930606,699128,634435
164851,642790,616662
328280,813505,174807
279005,654353,519809
751468,920952,952625
235549,343935,498480
852979,518856,896658
824617,918064,555640
457666,341658,871822
673827,924760,316622
933631,470794,733171
544898,936720,731204
471159,158514,838247
533438,368081,817326
504443,251403,541140
271367,358003,885201
856805,585346,403404
261278,661004,386918
163102,159764,971242
423817,709847,275747
882303,120754,612371
765513,926206,478103
945945,455569,436168
526936,503209,208822
995171,999359,112458
827130,139893,731858
140179,346213,789130
484974,489427,938762
242896,342241,577500
381870,643620,174582
721883,142447,344183
253660,662267,354695
848264,549654,760577
907635,113055,754053
279590,622512,420075
589035,404111,519809
478923,678622,764617
280313,959493,220455
345348,997051,677603
436356,475079,432161
655156,714986,973993
672924,493444,915217
821395,929217,777909
971970,918261,885128
658521,694090,446024
995331,244555,922737
721883,387386,654685
106565,680053,246925
886828,585309,731700
256249,975675,758862
137144,762836,978598
394174,408218,127499
325173,134058,129479
464342,489153,220455
206663,423332,562672
815590,611756,661361
128502,751799,326009
804588,366998,528653
754046,588396,691491
422020,931099,394492
151233,395948,638407
120151,292712,553156
128323,744497,442350
234799,864391,330730
606438,935104,239719
844366,968353,193588
781083,619026,934816
273321,371154,645490
827130,311305,126793
928257,243922,174807
132876,492111,954134
827130,958764,912269
560431,218965,873381
652381,442378,112970
375776,364813,188636
701174,359443,886109
825155,654050,981334
270545,381594,287632
518966,118326,556960
777268,421805,874875
145602,882991,886175
386932,833940,844328
882303,845283,387702
632830,252718,319271
765975,523242,380799
987166,506839,120762
749410,771587,497472
960370,403216,228710
895088,945310,521382
422020,304279,365108
128814,436033,599778
486878,549182,801878
896671,197914,284477
883076,628248,328337
917357,606545,844245
280655,325898,232599
370053,512830,250053
270545,491999,598854
806556,370262,407109
470941,124128,915181
271861,590396,881582
649113,795341,405836
451957,784343,255929
751207,998032,346387
191697,690841,530825
925919,276704,550543
633968,543113,427791
550566,107176,694494
265425,421129,603174
273321,725811,498929
116776,965055,949193
583059,437689,908571
450562,153640,634243
643195,344185,885128
878926,252317,864044
788744,373912,770816
504443,276909,675228
775950,257352,289818
420925,929643,939954
213747,373582,509777
718116,476881,601142
501162,609370,431671
186555,635330,802597
243950,171730,983794
171565,549552,328283
370053,810260,929665
145602,565810,663151
219087,531826,604258
875234,920072,933330
243085,937964,928384
117253,248626,544568
223842,629590,232884
424071,598887,856697
206663,906589,663652
140179,901697,147896
745204,123350,202870
259525,258524,665402
328504,630264,934816
777268,737190,534273
608731,787439,673607
829490,374968,219858
259525,725899,741534
872317,554527,932280
236598,430629,215929
150808,316391,983794
988853,434721,488080
597384,357951,613187
972905,169090,540274
319241,301855,387702
409494,697579,217895
226095,295586,996093
568534,962333,127499
961894,190856,649509
502718,160883,180123
225006,945486,149643
609765,341495,741534
102215,196901,990803
307593,504006,232599
725839,613925,208822
173374,950678,847496
837856,363835,295619
630305,582072,567756
445959,832514,342853
779064,615548,410361
885748,887135,109136
798564,100337,634435
235549,865087,833627
191591,221496,844245
424071,450077,501780
936925,699662,141009
615191,183042,550543
866941,924760,316622
109744,587657,137098
844071,964417,755083
367591,420441,741440
353694,386840,538469
518966,672836,949193
111914,887800,731204
585217,663226,603174
703664,377750,144810
789833,270452,845833
841249,811050,604258
757855,238100,378114
409494,594521,886109
225006,218175,645923
359179,939190,673942
153915,599665,720324
722777,981031,307704
103042,374416,154196
563918,397278,501780
638954,147248,967591
450562,329256,352364
721883,991543,333260
451957,274211,738191
214901,154842,174982
926511,570223,996093
114877,133922,174807
219087,643620,174582
658521,107548,785503
249961,324063,978598
606013,230680,894268
586469,712901,834567
193921,998385,721115
706276,236403,681843
239301,949540,677603
257984,653840,446650
847058,695837,219146
271550,366804,196078
143845,750317,599227
528680,485312,663151
419002,877042,883381
454212,829460,814030
729826,714045,174582
423817,812729,843748
926866,594422,239719
943998,833940,844328
887761,373649,474284
472553,252237,148774
271861,131407,742194
595571,996872,754190
574733,842111,719823
692705,838370,836694
323678,774337,665402
924171,156121,494517
305218,676957,556771
874370,160883,180123
464342,696335,718912
649338,292282,853348
835975,176360,123776
510871,199286,205913
658959,672277,174840
305299,341084,793799
695488,613570,922737
120803,912177,600404
147849,429194,225883
680686,961144,565692
995643,444931,607935
365653,798478,494568
777268,742279,135844
351475,740345,193325
961894,792832,355568
357725,949540,677603
748408,624683,993435
593088,292563,586181
552906,180451,110579
904110,834114,592685
580899,225293,203181
768670,594849,386918
137144,368453,915388
593088,788455,561992
506478,710823,989748
840498,580005,116042
933631,177353,259299
100036,659884,354422
729826,720130,121494
519004,187196,969664
878323,962500,551420
633968,858108,869394
878926,911016,185377
241455,354996,272380
406562,193328,382872
233999,214634,405836
730912,563464,116042
537227,732009,781470
240299,163315,434582
649338,706453,939720
437823,906286,954215
477901,978728,492330
275290,607719,733668
847604,476155,691802
100036,216046,717834
804588,394714,566965
727591,779665,577650
854373,375053,599450
574498,680133,146250
411516,170557,954328
534387,750072,991524
752476,440416,502095
136122,737754,834089
197929,210431,915181
809779,300743,363069
513216,595697,510835
386932,183390,108145
422020,968528,238497
562279,815598,338035
114860,554527,932280
792274,466149,578518
779920,515387,860719
206840,834216,741440
234799,868816,934816
658545,734373,762147
161317,906665,123776
827130,297210,723638
237511,772647,527651
325128,936034,901307
771026,707040,965475
587658,942969,477335
837096,221773,409690
810883,537096,844245
419661,988544,347985
794971,742951,891411
752476,820589,305970
214246,302607,746444
658545,273901,968803
574388,727017,494568
352370,856257,387702
975344,341282,583823
687745,512882,958996
890233,902447,888407
370549,793562,779663
161242,940617,528653
821395,252718,319271
340919,665877,671855
228377,450541,338100
895088,867952,865997
378248,937466,188636
913479,696145,702640
483321,847652,492789
702059,228767,319840
117253,971747,975154
473855,560626,815806
846867,733866,874875
822568,923002,148295
380882,472510,655432
659437,589853,642531
103042,901885,617148
281757,282843,149165
890878,940300,117127
970640,984751,642531
965043,115730,601142
875234,244183,149165
486878,554527,932280
882303,993796,741534
482577,966860,765843
519004,918199,603174
492153,377750,144810
103042,824243,259852
419002,297210,723638
312697,327195,401284
181470,283089,723638
191591,152307,434310
120151,728099,714131
191591,650538,349449
994761,794501,597307
965043,313066,421738
249692,364317,553431
877591,583845,883381
411516,124579,274530
171565,651368,723586
227383,604090,691802
438701,544945,275747
597384,631386,399975
561381,396223,534209
325315,113370,845233
312697,100337,634435
914728,652913,247436
716751,798742,918010
436356,253307,691802
379301,558569,807157
472553,831067,469760
465610,922566,840796
236598,783638,286290
695488,412160,218617
698174,552754,117127
557094,348451,522939
279590,611181,620271
778299,489563,886736
811800,406940,699740
454764,174470,657239
125490,423332,562672
703664,920489,567756
583059,583477,104919
439583,833111,814030
671786,825987,695835
113656,173548,353109
636859,137321,491726
890183,161324,469760
227383,908540,325752
558367,159045,925761
732098,190489,630288
150973,987569,307704
825155,718710,348184
548851,889311,814030
872317,532355,259682
128620,539578,260940
235037,348443,918010
865057,235016,436168
318462,293764,887724
863849,750198,733205
240911,320273,414201
930606,643049,608475
930606,552019,869394
670005,294085,497472
308709,349924,421220
428759,472510,655432
701204,330312,746830
533438,746466,823919
773025,106252,122134
179984,751935,872934
504443,640207,613386
219087,972843,796947
807194,537800,196078
243950,759788,976871
520926,305142,796947
727852,361342,218617
507294,616173,645953
659497,904592,993435
369228,797992,572021
147849,471552,649612
890878,734373,762147
444717,770020,774990
416977,925916,853250
786973,996645,337311
484974,844626,166438
617507,593414,417261
548851,934719,641842
949425,566717,720156
780591,474182,694244
752476,950958,706531
416320,991700,642527
451957,522060,477662
365653,431562,479511
537227,684587,154303
305299,955995,378577
960075,138820,510243
271342,804079,764569
574498,779458,885128
548661,219738,973863
478923,257625,239719
326734,426931,862226
280655,386783,163992
407417,454227,324920
489211,611454,319840
346849,438432,599450
998340,865498,405673
143217,466158,929665
561381,820001,924419
314868,364846,230487
640473,829460,814030
140142,941656,712984
757557,571614,235992
325315,519427,675228
838699,437618,561992
358983,736357,821982
407417,393954,620584
855285,678754,305970
234799,621230,731971
218726,651191,863937
761346,437973,725674
339799,114975,489433
453567,958584,630288
326165,149016,421220
582202,712528,148362
474369,976270,878064
737963,797026,294022
240299,672966,874875
746054,354996,272380
708782,386783,163992
125490,536667,461966
837856,501237,432161
329812,334790,199207
521470,940157,857193
589035,456234,681843
871167,300600,818599
620596,364554,325032
619867,221774,648690
658545,355740,723977
353064,174333,727732
243282,997051,677603
368061,886047,383959
198143,583175,129479
890878,711661,584778
410929,666859,307704
281757,707966,891264
804588,927502,461966
809498,152259,547763
727852,241079,731055
798564,689332,932280
270634,734713,688638
933149,344371,531821
634396,487472,953196
683811,372611,798435
573625,928450,928443
691279,379460,296243
227585,246041,359046
729777,672277,174840
445959,606590,685449
472553,926021,662926
378248,668951,193588
277260,699662,141009
419418,599723,522939
922383,812357,948540
560431,912177,600404
627899,856144,493661
836366,731693,338100
199095,849055,788679
243085,803501,583823
998465,791801,870317
876202,720130,121494
240056,565810,663151
128502,636425,388786
680686,870227,650191
898446,430788,393571
444326,827138,793200
448090,333036,251222
327954,438012,921010
801914,648739,362443
659497,427756,435557
875234,355740,723977
913120,625981,680926
701204,326876,883457
773025,394299,493385
120803,262438,541140
453268,592532,864662
957570,474226,338718
365824,347762,250053
961181,449948,256109
183248,604173,873381
897730,571075,163992
438233,596018,616662
905892,127097,731858
960075,566673,523028
449876,800828,568069
490927,362822,868341
886828,711726,338100
523045,636496,548212
236598,914377,825624
701174,174333,727732
781473,469019,272217
410929,363438,883457
913120,585224,120762
886920,676957,556771
405457,750203,977701
572934,195922,690421
905817,296257,681779
438233,781116,526758
894472,658338,777909
780591,703013,143875
824617,250460,387702
197929,692413,354422
121771,459357,707108
994761,119640,971396
585217,707367,729670
519004,164583,659396
405457,866512,668798
907286,753705,675654
846867,679012,417261
668627,426931,862226
189933,795461,232884
163217,275353,924262
622718,643411,551420
905817,827915,272217
963760,615387,457065
319241,744327,300583
125971,557790,524210
568534,373292,421220
484889,760450,389362
907286,805345,883149
550566,506216,681779
226095,958027,421220
872059,592659,776837
497013,127229,604258
262431,941060,933391
633016,834842,325032
339799,567282,833445
851179,127668,259682
319049,529730,716932
305299,825385,648690
987854,160063,388280
268263,380104,620271
695488,196383,329406
561381,261600,868758
904912,827497,146438
564860,273424,850077
659437,421974,755083
109719,605865,128955
225702,564545,287632
562279,959054,707108
846867,544860,731688
789557,625729,748878
343555,183860,837729
464342,375472,840796
907143,419626,514612
113656,614570,952625
743337,268407,869421
149580,248626,544568
112408,530415,915787
451957,178772,502095
236598,586398,836694
838699,859748,657247
511643,316391,983794
250661,624976,981089
583059,522588,485429
803608,721254,930854
564860,634857,838247
164851,920324,294637
423480,362175,235567
992682,284162,760577
767287,436489,865296
587477,877147,900583
702059,423468,518955
461029,423573,392372
990472,587807,275747
781473,672966,874875
804588,213331,828800
434991,841378,706531
701442,451578,393268
554640,513039,882195
359914,117615,918580
385866,637300,236194
476191,531826,604258
760651,708345,605173
249961,327133,440595
618294,218333,692901
341224,212452,751087
300636,673002,611395
597861,480974,309440
908202,366750,655814
474369,116320,146376
853543,823021,754053
114860,529931,868341
577442,484681,122134
253660,673824,273393
680980,874543,713277
505725,958764,912269
365653,825385,648690
128502,701687,543283
656572,457877,545067
369228,291669,910068
138803,712413,754190
471159,244812,470145
484889,997470,392151
883076,154882,869421
640407,765457,968803
186808,505400,718912
436356,833756,762630
565059,586647,724779
670005,917352,731204
141270,872803,558179
371942,112716,393132
835975,292282,853348
905292,469828,148295
995171,703780,414201
290290,393454,577500
325128,770020,774990
630305,801642,509310
974166,454227,324920
719497,373912,770816
561381,629590,232884
401253,647032,561744
732167,809570,442433
227383,789488,357156
346219,916402,191844
592319,738382,618196
980324,879512,264659
722777,183344,467026
877505,633423,634435
242896,319369,336007
597861,676957,556771
620596,352522,160376
815590,677014,707262
981124,219719,171014
634396,614682,734812
698174,137321,491726
929649,358673,134233
100036,785557,723955
368061,554016,324109
344649,400373,718912
399550,560319,590173
136122,707367,729670
573625,709197,864044
132242,441994,976871
420168,161100,962117
616786,884213,968803
306931,902447,888407
246351,583535,746830
375269,336532,731204
939435,389264,637454
211457,204567,714414
727591,596583,632625
619867,567114,100701
235549,583535,746830
439583,305581,276282
878926,968528,238497
106565,900285,870777
647857,563852,108121
835975,451271,107027
878323,168004,494568
931229,724007,926420
673827,134376,702640
692705,344802,289272
346849,330302,921010
975344,869668,788679
615191,650538,349449
936925,144643,116042
223084,113745,493385
119945,926275,751047
664304,375472,840796
579669,905055,806605
975344,614911,816071
126630,231380,452968
212522,308679,770676
985428,235078,347683
319049,836087,108936
211504,689963,890792
975870,357004,918750
146617,864480,101123
978377,909326,733072
510067,390415,534273
458911,412160,218617
806775,283793,547709
584094,294812,250053
588487,966860,765843
243159,272543,246786
411516,145491,281786
907635,364317,553431
991604,727394,230487
694061,101792,432350
702059,363562,797068
887116,171918,160592
622720,385292,519149
229350,722342,667726
341224,668799,165254
559095,529931,868341
243085,575072,369309
779046,325175,452968
698174,827455,922737
163102,951554,621142
876567,433484,174582
556074,172058,442433
401523,710964,411676
718809,176951,534273
664304,642790,616662
608731,565268,757393
825155,685989,146376
658521,931114,250053
708782,177814,925761
318189,226954,242025
533089,897683,874299
890233,159764,971242
665575,987011,387702
700489,854470,474840
933631,465506,137098
673827,552019,869394
940563,781685,959582
853137,534416,886109
280514,797992,572021
824488,100337,634435
957754,606346,380960
816978,422342,396560
672322,183390,108145
227383,976258,494005
261278,986355,959760
773541,466102,572021
479641,202591,825624
517722,923115,109932
725839,167434,888166
925919,625981,680926
501162,901885,617148
730455,480424,430516
820881,527508,927062
137035,288000,334435
378248,557435,891264
780577,330795,939389
189933,340515,977210
780577,999966,104309
811800,216259,673607
394174,310657,684919
497222,567114,100701
441576,901885,617148
771026,555331,918750
649113,803782,696362
306931,722996,405528
820881,823765,823962
936925,177814,925761
952320,616303,778173
994761,222192,146250
658545,923145,148732
874641,754970,955165
483321,826989,620990
370549,421129,603174
438233,303239,789130
887761,180270,601863
708782,712725,794403
334822,105949,547464
860395,244555,922737
564860,953405,137098
163217,187265,622583
470491,833152,948540
401523,826680,679010
223387,887275,622583
926866,596725,826634
595571,766339,923305
674225,307037,789547
117026,681187,801585
777268,214161,601863
366909,106252,122134
634396,330942,528253
234799,275798,797068
755020,126686,560263
181470,256485,149030
165585,884213,968803
899470,305581,276282
877505,117372,571139
960075,674347,609803
309586,264484,958944
334822,715722,236500
807194,650894,745506
552906,300621,131988
621040,282819,725000
905892,686940,273393
465219,157817,492789
136312,617933,172053
614506,183355,915712
582202,219719,171014
359914,151313,953196
309298,625326,593481
755565,455569,436168
574733,252660,221669
450468,403008,896741
158969,480448,770816
824886,906424,442415
300636,528429,267858
925623,398828,691351
957754,172479,330730
846867,826680,679010
187520,278562,125226
353694,437300,559965
751207,169626,129479
847058,812872,102428
128323,868124,721600
428759,144643,116042
620596,773230,917735
237511,857286,717890
878323,676106,538230
396419,632761,981612
261278,461393,264659
242896,312915,323234
580004,173034,104309
926866,595627,585912
746668,380104,620271
895088,327133,440595
616786,568339,922737
789833,634689,363136
399550,858818,386918
131754,339577,255652
251513,126009,325032
100036,137321,491726
860395,836676,577650
271550,103659,780600
161073,906814,927062
842303,832964,540274
694061,426931,862226
423480,751799,326009
528680,931099,394492
470491,969733,671748
602578,527109,557862
386932,426935,455843
844366,139753,712984
756847,750317,599227
343555,377750,144810
950308,628799,830859
132242,345995,458422
876567,609370,431671
605296,745272,637454
782692,689044,745304
742809,829460,814030
994761,320273,414201
728840,211581,828269
419418,434828,232230
621419,579100,405528
781083,271373,973628
720526,699210,847496
849313,991700,642527
786973,259944,314264
239215,526708,442350
242896,813505,174807
995331,976687,865296
311091,633423,634435
309586,445740,918580
897730,935993,374735
191952,235628,733072
585644,188251,206998
267329,964664,448042
183154,280591,143097
914926,475621,815806
810693,312960,116042
698174,367245,657913
521470,958024,686415
351475,701382,548217
834393,412881,221709
842303,986862,598854
164620,188845,601027
419002,174333,727732
484889,139362,528728
695488,577416,571370
537227,121138,352364
579669,535032,976022
128814,791685,883381
807194,972851,607238
893973,929088,825200
262132,382781,109136
672322,738382,618196
509057,880297,894268
779920,173914,763151
949425,104243,869421
143845,611756,661361
994761,604173,873381
472883,245024,334435
311091,121376,994526
235037,248860,668197
990472,185891,728140
614921,526708,442350
482577,293495,521216
606013,666575,287632
151813,768804,220455
262132,941376,338100
555916,880808,242025
386932,295906,170907
243974,371864,839192
768670,297405,208822
176905,941681,834608
223886,358459,330761
251513,957215,958944
450678,631380,586181
461029,988963,836694
387805,515757,685449
841297,908540,325752
724460,543938,497062
523045,669815,316622
661036,705822,174807
606925,176360,123776
915918,134917,545067
751468,187196,969664
672322,729323,510835
548851,294085,497472
209619,213621,334435
164620,918875,614240
416127,344802,289272
223842,819790,745481
114860,353747,331989
213747,466158,929665
536186,697579,217895
987166,920324,294637
719497,418831,317121
597861,197385,264659
185733,918261,885128
367591,113821,762630
989860,605303,461966
668627,397278,501780
126838,590326,121889
907635,261978,218617
975250,696611,785503
184933,627362,264685
913120,475459,907758
995643,568367,166438
572934,787439,673607
588487,271089,128955
760651,664892,349723
369228,961144,565692
963760,537927,185377
672924,986355,959760
181470,391092,840796
260073,652202,516101
808201,955995,378577
871871,893834,741952
116776,639794,648690
917357,381960,292465
137291,381114,251884
620468,658120,672214
599911,380657,475269
344931,516433,328337
271861,367367,870317
974166,129498,316622
277260,212324,338718
973831,680035,356788
795777,278247,602040
552906,519557,893126
582202,927502,461966
313859,941060,933391
533089,516433,328337
410929,106252,122134
987854,981031,307704
606925,754828,501780
405457,564545,287632
406562,880666,785503
641065,821057,815806
147705,614911,816071
483321,515013,949103
440431,343714,393268
760651,996843,244595
150808,928355,981089
103032,970570,620271
914926,557267,206998
503321,600611,798813
626228,888491,486674
314868,521933,394492
405457,798478,494568
864299,577695,359521
718116,904325,838969
509057,750198,733205
243282,769385,142315
423480,523242,380799
988853,218789,323611
975870,636496,548212
721883,718738,853348
698174,442050,900558
871871,791801,870317
271550,290110,734812
439583,176951,534273
121771,454956,410361
853831,526525,825624
253660,701323,749619
151813,413602,861861
380882,773908,631285
280655,716309,726833
490908,378704,174840
690341,150910,964821
549518,646152,949924
132876,317517,104309
178623,414133,151809
542683,750146,394492
518966,152873,645953
325173,397755,900583
914728,195053,921692
630305,178508,874160
185733,827521,383264
715225,260326,746444
129983,595627,585912
959754,796559,915787
853265,292712,553156
147849,404346,260273
484889,330056,693751
344931,108893,917579
530462,275475,171005
907635,809360,959760
878323,863070,597918
107062,393641,147456
521470,984637,765815
981432,572775,642527
824617,283020,540979
230013,780014,333092
949803,489822,790756
224751,518459,519137
412846,356080,882195
471159,342692,267858
751783,902393,679334
235037,712725,794403
269156,209399,349723
212330,906424,442415
981124,643411,551420
775950,650894,745506
608731,391813,519137
771026,746522,193588
692963,445286,793200
116776,634564,647128
751468,637033,650560
916383,493204,368284
444717,926958,440188
987854,261376,684367
975870,147715,509777
998465,462779,329406
954963,902677,714133
506478,554525,907283
225702,454814,578518
423817,443270,688638
125971,851007,838247
824617,874543,713277
998340,734713,688638
183248,875487,968803
227383,574192,808574
836366,107658,498480
809615,968991,526758
256249,547491,264685
696918,193216,733205
223886,395095,932280
436356,414769,855496
744741,959448,105274
280165,909325,649612
309586,928441,581758
907635,288758,400621
134075,668265,393132
571859,336161,981612
976670,249701,989748
445959,614042,518955
370053,827915,272217
936925,621265,933391
604275,405363,273912
153700,702777,802597
565059,831786,583823
561381,998281,590173
806556,455738,589605
936511,406940,699740
811800,373979,260566
788744,744360,717890
936511,776434,107027
451957,702182,313494
786077,593453,742194
913120,328983,243122
743516,688292,948540
795651,742329,671855
128814,988808,182598
501162,432433,465884
732098,705159,399975
647857,415925,127323
707497,135533,251222
762036,270452,845833
562279,593574,723599
369228,847652,492789
872059,121796,712984
954963,923151,577650
780834,183080,749619
708782,876275,282565
780834,472510,655432
667969,215076,550115
514828,469003,938762
106565,604173,873381
161242,349924,421220
724460,249290,950303
825155,412795,429354
762036,605853,885128
454764,928715,492330
816978,693187,393132
936840,577416,571370
436356,324986,965475
866941,935926,615496
877505,780012,141009
186463,443670,597731
514828,583228,544568
178623,591649,933330
209619,798742,918010
367579,596122,422872
760160,222742,707262
633968,394088,148362
810883,883397,834567
708782,916805,642531
727852,648087,983599
387917,367245,657913
110942,280032,793799
198143,853079,349970
561381,782169,125564
151813,144724,147456
503321,349924,421220
586469,619026,934816
977133,762651,330730
236598,378660,199207
841969,101792,432350
340919,852550,302530
751783,276848,403404
751207,221496,844245
547917,723677,521635
428759,477503,641713
700489,164583,659396
787178,248860,668197
896800,802041,896882
156451,724007,926420
158969,604744,338035
607562,275798,797068
588763,834648,356788
369228,132087,373408
665575,416208,446650
458911,543890,174982
975344,463037,111675
229350,950392,264659
680686,289863,783875
614506,347477,869394
621438,627925,834224
765392,340963,873848
732167,680353,483412
420168,699662,141009
910460,583590,104098
346267,957579,764617
542683,774853,649146
161317,769385,142315
134075,563464,116042
478923,249701,989748
957570,332581,717890
391439,779458,885128
326627,901885,617148
150973,884566,973552
394174,649307,868533
999836,906814,927062
183154,373167,635208
333373,505890,993239
227461,610500,220455
299688,855288,667726
400329,837653,330172
269156,629590,232884
682270,191890,340668
673827,536674,434310
434991,434730,894268
562498,124826,620271
183248,223523,518789
458094,284110,793799
484889,562559,671748
288905,101426,387221
444476,217315,100701
136312,571464,547763
136312,549538,152417
605296,762505,894785
990472,921279,865997
728840,627806,886175
919142,889322,305482
351475,313456,686228
489211,390415,534273
343555,766706,157057
808201,189946,252362
339561,417766,813090
164851,196992,152417
779046,557816,437974
258529,526247,219472
798283,297232,230487
243085,723574,680261
878926,412556,788115
150973,240674,127499
881717,144724,147456
184933,282885,165254
315391,226018,876898
558367,727244,329406
315483,153071,915388
751783,725811,498929
606925,209539,469106
881717,997051,677603
554640,933416,230487
588487,202564,960711
246351,940718,108145
765975,783145,527651
692578,641028,749338
461029,426559,241897
208802,510082,721521
641908,405964,686415
854828,208102,527651
424021,885287,833445
708782,754064,405673
132876,822471,949150
842303,703780,414201
597384,696335,718912
779046,752119,622583
309586,405870,833582
280655,867294,338100
547917,555456,663986
288017,228537,994526
369228,361342,218617
265425,964835,994526
240056,959777,647128
537227,713247,733205
756847,860060,788115
279005,648650,354422
426688,928441,581758
419661,784409,880416
489127,152569,674579
128814,646152,949924
691279,925762,959645
674069,981765,724127
810883,662267,354695
224751,238100,378114
917357,252543,228182
872317,964664,448042
765975,900630,163626
903846,778287,584778
583059,852697,147896
812212,537800,196078
586469,505153,165254
682270,743328,642531
164620,378654,355568
218726,976687,865296
533089,607211,255929
176905,815598,338035
426688,929729,616662
328504,597000,997226
922490,394714,566965
235549,623491,902105
211504,251210,421220
416977,638218,317680
424071,949540,677603
399235,322111,368284
780834,644075,631285
358983,325175,452968
315391,235016,436168
380882,625981,680926
663518,984839,883149
337924,751309,731204
928571,365092,599778
194101,967057,617346
673827,562162,853250
853265,833856,605173
897730,806196,596466
107062,785472,585006
423480,286880,921730
128814,237025,728140
714995,462820,996824
683072,499508,865997
794971,876890,708882
607068,394910,581758
874370,476148,264659
808201,270387,442900
528680,664892,349723
249692,297232,230487
228377,797540,864044
616786,467205,886175
930606,992842,838969
568534,906946,147896
549525,347430,353109
566783,685818,733205
128323,694003,495637
719497,637315,571370
110942,476511,308691
371942,924895,813090
286259,816186,137098
607068,622290,108936
486878,865498,405673
132876,867820,338719
306931,778287,584778
960370,981765,724127
984539,589592,589782
205053,941359,154303
886828,841378,706531
150973,797237,973552
357150,561295,163626
914926,372878,981612
368061,998032,346387
510098,781514,874002
961581,783365,833582
990472,452165,818599
537227,394201,286290
370053,535739,328337
247284,137913,125338
311091,304279,365108
609943,935882,801585
812063,952326,416348
783252,844509,526079
470941,197555,622583
678583,143823,518484
221116,412748,127323
450678,385980,699661
100036,339455,109504
424071,757548,281576
652381,687872,160592
325315,356879,324109
183248,682456,203181
899470,382538,446024
365653,757548,281576
555075,776086,259854
107062,560152,825200
117026,336532,731204
547917,463336,394492
271915,841378,706531
827130,544812,681779
442844,768804,220455
627899,773497,212123
586469,542166,915181
961894,516820,572536
778299,569332,295619
659437,251403,541140
974166,346360,745409
261660,405363,273912
189933,138820,510243
163102,327195,401284
138803,594100,269622
680686,890880,433304
164035,886703,965475
191591,772225,285029
213225,167987,568069
406562,204941,440971
718116,607211,255929
670005,696112,803223
205053,871739,614240
410604,125568,246786
571859,197385,264659
988853,199935,739335
798283,634689,363136
103032,710823,989748
271915,120881,493661
732167,793763,180123
658104,559866,471866
663518,666575,287632
696918,860060,788115
545233,793763,180123
960075,584630,104309
744741,155834,680261
221116,690841,530825
351475,384417,555640
737963,965994,714133
276710,579810,995144
135627,331620,633707
534387,578831,308691
163102,236842,554104
882339,695837,219146
465219,190779,771045
842303,192181,745506
829490,266373,874875
280165,796253,615008
236598,872482,632625
987854,694736,668197
327025,992720,629715
151813,371065,571139
111914,294962,958022
627180,597725,871822
659840,997399,342118
259495,909101,469106
158969,214121,246925
365824,642460,309440
727591,518856,896658
584094,734078,880416
897730,559866,471866
325173,186159,932978
340919,699535,330730
200680,101426,387221
437823,270071,638407
943998,829794,219472
415433,123987,197398
589035,844762,602040
271367,695552,726833
344931,515052,843196
829490,142812,916782
352518,652202,516101
368192,772002,778173
632830,590860,930854
893973,677014,707262
140179,817279,765843
213747,928042,674867
837045,593346,264238
547053,329256,352364
658545,131502,763151
822568,643076,887724
724460,728091,681314
954963,843800,725977
507294,476326,931726
913120,328222,774990
533089,503212,470145
242837,354981,131988
235549,417945,938649
258529,959054,707108
265425,221636,109932
117026,766911,596820
405783,757548,281576
416320,497757,269622
380882,694003,495637
770540,233966,191844
125490,537047,212123
438701,251403,541140
178623,652742,698078
110942,945310,521382
343555,296257,681779
346219,646943,695213
328280,212201,247431
824488,430081,793200
930606,625488,584778
407417,245168,477978
616786,248354,698078
815736,565268,757393
437646,401658,723586
683811,233966,191844
863849,382781,109136
957754,276704,550543
368003,832229,601863
181470,721929,874160
621040,469247,362443
695488,856257,387702
461029,131502,763151
841249,894421,681314
706276,598887,856697
646697,731693,338100
992682,952615,861861
702059,547089,325752
913479,230680,894268
589035,450077,501780
113656,665169,708882
842303,574729,526079
907286,142812,916782
288905,401127,109504
218726,413035,125564
913479,629305,929665
558753,822405,726833
240911,516433,328337
227461,755490,317063
507294,464843,295619
607368,312960,116042
440431,313129,894268
126838,709847,275747
556074,123603,717945
745204,275506,540274
698174,607047,235203
845232,926021,662926
441576,474693,745304
292493,585346,403404
783252,709684,289152
815736,551454,134194
887116,608671,834567
960370,975300,634243
844366,751799,326009
507294,732530,598092
987166,289285,921010
328396,162969,538230
918904,185690,427337
586469,574192,808574
187520,940157,857193
770540,741687,577018
806556,688614,115039
585217,332047,165254
571859,664892,349723
277260,370262,407109
164851,374416,154196
977133,572200,612371
936500,955762,864044
243950,145594,700631
191591,488742,252772
319241,300621,131988
907143,145030,136664
897797,567282,833445
575832,565891,597307
949425,225419,949103
326734,194112,388786
366909,445397,302530
401253,680035,356788
884571,873236,137911
219087,858613,833664
815590,801642,509310
890878,283089,723638
436356,230368,996093
313859,419647,137911
574154,290918,951404
992249,423332,562672
673891,326898,550115
701174,637794,731055
510871,288847,847593
513216,379460,296243
326974,649307,868533
756847,678622,764617
314868,195053,921692
905292,516671,984462
798105,328511,960711
315497,535223,925761
228377,276422,731688
668627,147418,221237
137035,208871,655814
213225,499265,485429
426688,860086,946931
913120,972843,796947
674069,738382,618196
650783,995855,733072
621419,107658,498480
722777,347406,745409
606438,121138,352364
440431,889311,814030
656572,184815,721115
633016,367510,278053
841249,813505,174807
575242,398237,309440
802845,179708,284485
209619,458914,267858
824488,432433,465884
691035,245307,109932
396419,212201,247431
812212,183355,915712
643195,368009,427343
782692,546142,316904
378248,561873,958022
795790,379588,256621
935113,873160,675853
633968,567282,833445
109744,376918,939954
779064,802986,102428
329812,256323,723613
695488,637535,159474
547053,364554,325032
609943,475373,125226
775950,146741,220455
305218,800828,568069
847058,549382,125226
728208,618046,628453
858715,562162,853250
151813,853702,749619
273321,549457,770816
852979,463336,394492
970792,184306,518789
692963,983779,977717
470941,120065,256109
194101,488995,975684
715225,924213,777909
692232,366750,655814
403433,956478,323611
701442,358003,885201
984539,404057,124126
310151,844509,526079
668627,425429,885128
663518,211737,951590
396419,696752,205913
787178,652742,698078
205053,204947,436168
240896,325898,232599
841297,180643,273393
309586,409741,896210
960370,832894,149643
786973,330302,921010
286259,715209,667726
665575,465118,592685
868677,311179,422872
728208,834216,741440
473855,814688,762630
100036,385980,699661
655156,967368,717834
354562,659657,564681
241455,583533,567756
756847,515052,843196
383376,249542,949150
628926,404164,267858
290290,339780,185335
872317,742907,861861
420168,287978,587028
137144,894481,247431
574733,611585,396560
751797,522588,485429
585217,728693,345282
497222,245925,334435
650783,558765,785503
905292,258091,845833
620468,766339,923305
235030,539578,260940
486878,168821,349970
987166,992412,781470
132481,837815,497263
720526,936034,901307
827130,402844,202870
181470,121956,635208
617507,275506,540274
810693,187738,459371
307593,846649,330761
852759,281452,383076
360785,724082,694386
761346,773908,631285
941693,195053,921692
792274,788932,941547
928257,215088,526079
736620,704083,351768
728840,394910,581758
225039,345107,324528
416977,416133,596820
315391,814394,154303
465116,860654,578518
136122,939570,174582
871871,547947,160592
816978,789488,357156
147955,179708,284485
497013,373167,635208
473855,949814,814630
325315,218965,873381
757557,634664,330730
692705,963978,721600
134283,553539,731055
643195,842028,359046
465116,477503,641713
549525,161100,962117
588487,312915,323234
658521,608735,651910
995643,207007,723638
974166,201575,467324
568534,855288,667726
474369,134609,498590
746668,614042,518955
921583,810395,196564
655156,467846,248408
780591,523354,417261
611422,391580,868758
646697,426559,241897
344931,371299,603174
787178,402383,461748
769217,617286,932978
998340,305142,796947
270545,781222,486674
271915,127462,165669
673220,737979,269622
229171,287105,830265
899470,819820,707262
773541,831275,645953
220857,732530,598092
367591,858818,386918
760160,880227,469441
961894,132170,221243
129414,168004,494568
223387,686819,518955
663790,442495,410361
578752,419689,556771
206840,331350,801878
371942,466149,578518
746668,491107,219858
672322,473427,723599
585217,882573,950240
163102,329189,578158
416320,170156,393571
670005,199576,688817
997875,921297,256109
856805,367153,597918
470941,984308,890489
227383,714700,134233
225702,437608,469409
559016,916402,191844
225006,771062,726833
419002,587851,613187
501162,672277,174840
141270,286880,921730
143217,179705,668197
344737,133538,840167
213225,949962,196877
915619,128005,790866
896671,593664,946687
773541,549974,203181
183248,703013,143875
853831,181571,821982
227461,603159,620848
672322,578638,275747
310151,237025,728140
314868,498216,639896
815590,759087,230215
229171,770020,774990
659497,108721,964821
146366,251502,247436
273321,524616,239719
486878,398828,691351
116776,418885,284485
266056,887970,721115
191697,134376,702640
367579,617933,172053
755020,412446,187758
588763,289888,553156
673220,230680,894268
119080,603915,924325
561381,848320,673607
137144,797540,864044
658959,398237,309440
961581,789359,973552
914926,871151,694386
719497,737754,834089
305218,953405,137098
537227,378348,717834
625089,780012,141009
703664,827521,383264
528680,659763,885201
578752,779575,791925
641065,426804,346367
907286,295479,909558
444476,197574,707262
138803,950958,706531
191697,455124,319944
692705,585403,530825
771026,904353,248713
585240,813803,791925
607068,660859,165669
352518,948061,453883
787178,168738,497062
137151,212201,247431
649113,411894,343498
383376,628630,928443
559095,395001,928019
788744,147712,869394
787178,708599,725395
809615,387798,677603
978377,791681,218408
240056,680035,356788
281757,441631,342118
703664,397550,324920
627180,900250,645696
365653,574499,749223
186992,327292,780600
318189,538298,471523
137035,956478,323611
519004,222192,146250
987166,216934,780600
255368,878228,844328
742809,338451,494568
700489,975675,758862
672924,526247,219472
206840,409741,896210
357150,858651,259682
906906,877147,900583
844366,403675,272380
957754,912177,600404
960370,151650,855496
416127,250826,337311
178623,952083,471866
129414,762836,978598
268263,827497,146438
555916,853702,749619
261660,791685,883381
375269,707351,727732
743516,759438,981334
606925,894745,356788
129983,469328,100599
853137,585346,403404
727852,906424,442415
895088,597427,519149
343555,864244,835072
359914,426804,346367
280313,878228,844328
132481,199628,219146
743516,324986,965475
890233,874818,886736
142990,605865,128955
812212,330056,693751
325173,393454,577500
184933,944665,432161
882339,592659,776837
806775,518427,210256
606013,776086,259854
897797,983779,977717
690341,957725,534273
885748,483554,250053
638954,117761,362443
211457,283793,547709
209619,776303,345415
146366,842997,883457
848264,522620,141009
534387,585531,458422
244671,127432,340668
424021,949814,814630
904912,329256,352364
354562,702775,908338
250661,918264,193325
344649,332046,983407
881558,972775,265378
917357,771169,680900
271550,621230,731971
243974,243412,448248
672322,174218,880416
383376,754970,955165
775950,212452,751087
390499,964959,143097
732167,954187,384515
690176,851613,806605
150808,250056,649146
682270,811600,545514
124359,246041,359046
632830,442050,900558
367579,705811,723613
343555,371864,839192
221116,830619,494204
419002,135939,932880
605296,518427,210256
202374,617933,172053
129414,300135,205196
928257,682456,203181
410929,689375,694567
736620,200016,695213
980324,316391,983794
743516,133538,840167
628926,392659,263556
588763,629271,857193
191591,597640,880416
280165,958517,442350
224751,265850,340668
701442,930707,324999
345348,583845,883381
936840,839646,282565
405783,703860,125226
767287,333036,251222
627899,998032,346387
812063,978806,568069
143845,412209,694494
742809,215076,550115
574498,998953,489433
587477,920952,952625
151233,879381,442900
667969,202009,921044
251513,788932,941547
775950,618693,547279
253660,838641,363069
599911,413035,125564
271915,963978,721600
420168,392787,146376
853831,122845,694244
542683,386783,163992
936500,382733,620271
876202,321553,146438
701442,854470,474840
243282,712528,148362
729826,594086,788115
259525,963149,880416
875234,303467,777909
235037,766911,596820
137151,190779,771045
894472,366529,350221
399550,123681,880968
157502,852697,147896
206840,226188,379785
280313,634689,363136
874370,297232,230487
751797,537047,212123
730912,692061,434310
816978,424283,118902
932884,154579,259299
935113,254240,578075
856805,662267,354695
918904,397755,900583
616786,925762,959645
904110,145325,264685
757855,252718,319271
611422,591649,933330
728840,614911,816071
825155,309257,168966
483321,326592,604258
200680,173034,104309
585217,981116,639896
129414,582427,789130
925919,184306,518789
658959,412748,127323
379301,920952,952625
588763,889921,723613
649338,189946,252362
243282,906763,663986
344649,523517,269259
761480,390831,637917
571859,296548,253310
781083,675739,224784
834393,437024,639940
626228,961610,389736
212330,423366,347683
124057,302889,724779
811800,245168,477978
916383,296548,253310
959754,449038,902105
664304,998385,721115
616786,248107,958022
326689,579514,909558
381870,258745,801878
658959,890104,494204
391439,125568,246786
387917,135939,932880
727852,272778,500677
663705,638218,317680
444476,344584,454852
751468,570436,410361
211504,823765,823962
577442,250826,337311
585644,532450,170907
779064,772520,307704
165585,999966,104309
606438,430629,215929
837045,963149,880416
863849,241780,264659
353064,791681,218408
846867,357325,219858
622718,124579,274530
652381,295586,996093
270634,708543,684367
206663,542680,973628
743516,484230,394492
124057,572200,612371
367579,821381,976022
683072,321806,452243
725839,416401,830859
380882,154842,174982
834393,243922,174807
353694,640539,303731
370053,481839,688300
680686,902677,714133
778299,522746,524357
186555,976863,694845
501162,384347,476558
470491,718636,498480
905892,764175,524357
853543,861903,608475
416127,585403,530825
142990,491999,598854
730455,970570,620271
773025,856257,387702
571859,598151,882220
701442,823719,668257
305127,565891,597307
853265,926275,751047
815736,358209,926420
128814,921564,699740
885748,113370,845233
246970,793763,180123
984539,566717,720156
416127,179981,163626
926866,981765,724127
901728,189358,295619
963760,886146,932880
136122,278560,369309
392619,607361,725395
307842,591440,817767
922490,270056,721600
179984,613570,922737
196446,723408,146945
821054,651628,622053
396419,643278,125338
246970,769878,587846
722777,470177,455154
229696,555331,918750
383376,357157,628453
309298,456234,681843
588487,589991,154303
403433,295322,318535
526936,484681,122134
237511,856279,430516
691035,169617,303503
271550,197914,284477
242896,320718,548217
275290,185690,427337
957570,623345,426740
502718,150910,964821
365653,476947,917579
453268,966650,739335
434991,306467,809631
448090,350422,471523
809498,367663,434771
249692,250645,230487
458094,351938,213266
473855,847065,112970
852979,769878,587846
974166,591440,817767
360785,531826,604258
629967,722262,712984
220857,265699,617148
794971,671507,777960
534387,245143,859212
164035,265402,338718
871871,772793,622583
595571,340963,873848
306931,498216,639896
164851,357325,219858
235030,470649,546720
694061,656538,868341
854373,901885,617148
103032,864480,101123
511643,831486,345415
629967,296822,926401
683140,218545,928443
513216,617286,932978
854828,962803,416348
153915,134039,431222
434495,267311,694386
113656,133040,762147
305218,992412,781470
444326,419207,502946
737963,745272,637454
918904,150910,964821
907143,112716,393132
565059,592659,776837
178623,926206,478103
730912,861110,122134
694061,811985,621142
992682,338393,704057
815736,883397,834567
853543,958503,518955
707497,887275,622583
926866,859748,657247
242837,990962,725000
874641,320434,833445
625089,402819,162115
906906,452165,818599
877505,358949,250053
852979,944078,601863
545233,671957,413946
924171,972851,607238
588763,695837,219146
103032,133040,762147
749906,455569,436168
191952,785472,585006
886920,710823,989748
782967,897762,474284
543917,638218,317680
195515,308175,546720
804588,463336,394492
629967,944556,414201
663518,384417,555640
102215,860984,154196
780834,585224,120762
665575,740345,193325
194101,394356,939720
761346,948722,937161
673827,504006,232599
484889,167347,400697
890878,422795,650560
878323,161907,668257
414829,783218,560263
659497,841378,706531
399550,313465,694494
854828,601945,224784
749906,289285,921010
501162,339577,255652
197929,519743,404421
211504,887135,109136
775950,312958,317121
475683,403216,228710
720526,250645,230487
315497,574192,808574
970640,838641,363069
438701,334809,834567
553634,784524,137098
270545,878365,153950
547053,474331,305482
196446,309271,688300
161073,536667,461966
854373,832200,259299
701174,544101,104309
370549,755113,649509
555916,912089,710574
871167,479758,883149
103042,689332,932280
396419,685989,146376
476191,295586,996093
134075,786634,300583
760651,190949,860719
547917,168821,349970
154137,584600,853348
519004,130094,742194
339561,809251,199207
271550,740311,546720
557094,934651,434310
868677,426559,241897
474369,174470,657239
182625,134058,129479
328280,606148,347402
114877,822471,949150
235549,176045,745506
337924,617262,712984
235030,329256,352364
444326,584600,853348
765392,963978,721600
450678,905055,806605
209619,132576,109504
310151,241177,696362
394174,295586,996093
465116,313054,578158
874641,567282,833445
558011,386700,758862
313859,233966,191844
995171,851613,806605
440431,569767,151809
935113,410072,264685
223084,394160,124126
352370,250826,337311
352370,770341,642531
444476,588234,938323
847058,699210,847496
960075,591440,817767
683140,176192,405836
315391,151873,771045
147849,238830,219472
588763,996645,337311
362261,988544,347985
185733,768417,194758
161317,497757,269622
297355,122064,893126
366909,770020,774990
716751,954272,147896
399550,594521,886109
365653,493444,915217
656574,869738,747939
634396,821669,590173
903583,358003,885201
886828,480218,679334
701781,594521,886109
692578,846649,330761
280655,536988,823231
749410,710823,989748
701781,645997,845833
300636,543890,174982
587477,770020,774990
189390,560213,940950
223387,443670,597731
762036,963658,479090
878323,223523,518789
619867,549152,990803
729826,291968,776837
770540,935450,688300
216038,375947,216349
668132,413047,307704
659840,294812,250053
971970,188249,863937
327025,833781,807157
271342,294962,958022
659437,323567,305482
227383,300621,131988
960370,310868,779663
751207,476265,225883
268263,257625,239719
754046,929858,348474
100318,596664,739335
387917,627806,886175
649113,912677,717717
564860,605702,613187
568534,929643,939954
992682,185156,415419
698174,874818,886736
605296,876275,282565
835975,432169,893126
616786,785557,723955
137291,671041,221596
476191,797992,572021
137185,847065,112970
564162,902677,714133
153700,179708,284485
929649,906199,324999
992682,863872,615496
416977,470177,455154
820881,390655,546720
365824,411580,971242
537227,468092,890489
251513,287105,830265
730912,523297,688638
998465,404014,632097
200680,442708,349573
288905,447727,517185
246970,498364,613187
438233,585532,747939
521470,438432,599450
318189,332046,983407
585240,904034,746830
550566,364690,328337
754046,216176,494005
899470,637033,650560
221116,930707,324999
478923,966650,739335
270545,599723,522939
126630,252660,221669
658545,332836,621142
164851,208871,655814
103042,471634,741534
315391,215664,680926
240056,607211,255929
616786,251502,247436
230013,164583,659396
442844,421129,603174
821054,855860,755083
973339,108721,964821
957570,906199,324999
390499,318268,245694
657493,556137,359521
103032,261600,868758
275290,320273,414201
110942,305581,276282
484974,294800,346717
151813,683089,218159
171565,764498,108936
407417,638211,174582
241751,481541,478103
910460,555331,918750
824488,173548,353109
926866,233570,887724
872317,696004,744441
628436,398828,691351
578752,215775,343498
448090,273086,131988
346219,924670,590173
206663,350422,471523
566783,846649,330761
113656,546813,578649
897730,134609,498590
806556,444870,927062
401523,204794,407109
119080,888612,224222
271915,848320,673607
772997,985958,185618
206663,675130,137098
989898,822405,726833
881558,827497,146438
842303,647558,301489
695488,868816,934816
457666,712448,733205
882303,515052,843196
483321,161205,289272
333373,805406,497472
109744,481541,478103
582202,169626,129479
854828,293167,887724
894472,146329,172053
680980,136517,634435
129983,395001,928019
962365,827915,272217
128502,637793,645442
337924,971747,975154
209619,955995,378577
908202,167593,521382
375776,481456,688523
602578,744327,300583
776611,252285,198395
746668,913880,292734
999836,929729,616662
574154,174645,131988
187520,209539,469106
445733,449885,355568
325315,473427,723599
272298,644035,235203
530114,680133,146250
678583,575059,546733
276710,340963,873848
305127,338451,494568
816978,216176,494005
807194,372947,359779
490908,606148,347402
661036,790377,885128
785759,441994,976871
741511,862519,948659
319241,900377,872263
931229,248835,807157
411516,572208,176881
629967,946086,571139
327954,269367,205559
690341,599723,522939
725839,474182,694244
113656,652915,809626
812212,925333,485429
881558,702182,313494
477901,447497,932880
578752,399968,378549
607562,468092,890489
765513,332767,837280
798105,326876,883457
702059,555331,918750
437646,454468,896741
730912,434721,488080
387917,300621,131988
761346,960157,509310
652381,573975,116762
103042,806976,749223
343555,936790,818599
404761,296548,253310
751468,636603,110821
732098,338335,303731
842303,128005,790866
438701,707966,891264
326689,449038,902105
683811,905928,893885
403433,843205,432350
173374,880227,469441
718809,920072,933330
557094,373649,474284
164851,967368,717834
510098,195922,690421
822568,374416,154196
146366,706300,486235
773025,927275,547763
325315,587807,275747
318544,390831,637917
834393,300600,818599
260073,127097,731858
980700,687235,531821
355327,450541,338100
277260,474226,338718
729826,334244,537961
239301,725811,498929
970792,305581,276282
893973,928355,981089
872317,611756,661361
767287,147504,641795
707497,834216,741440
841969,995855,733072
483251,851613,806605
219087,552754,117127
574498,137562,338035
989860,857286,717890
933631,341084,793799
326165,526525,825624
837045,148757,451010
999836,182393,185335
809779,673361,794403
396419,446220,100599
205053,397278,501780
530462,405363,273912
690341,651191,863937
890233,752850,828582
975344,978131,973863
163344,860086,946931
445959,420420,855496
315497,782184,954544
583059,707351,727732
871871,119356,149030
751783,211581,828269
980324,933416,230487
504443,721813,122888
779046,529931,868341
821395,199628,219146
472553,809570,442433
407417,481157,870777
196223,657183,326009
680686,990676,688300
145602,111730,519149
981432,644035,235203
773025,104243,869421
158969,863669,721105
153700,413602,861861
216038,479665,136664
867265,542166,915181
795651,366804,196078
243159,684278,132009
272298,669368,817326
381870,587882,881582
616786,493671,843196
886920,957725,534273
561381,942053,559197
767287,182222,347843
668627,168167,774990
302955,240674,127499
103032,662272,160592
973831,261978,218617
333373,403675,272380
657493,162263,819243
980324,660029,205196
914926,171164,886736
213747,328983,243122
559016,367663,434771
444717,600611,798813
536186,503655,668798
355055,396887,562672
976670,199628,219146
732124,906589,663652
622718,739131,558179
449876,806196,596466
903846,985958,185618
419661,359443,886109
579669,417798,206002
341224,664297,861861
912687,722996,405528
729826,417798,206002
129414,543890,174982
681316,244866,789130
668346,795442,401284
185733,175378,896741
401523,454227,324920
681316,504867,389362
533438,867952,865997
410929,751935,872934
603942,985060,118902
255368,401127,109504
605296,102346,778173
470491,751322,690466
120803,902974,168345
649338,190856,649509
450562,542696,461748
803608,147248,967591
606438,990962,725000
924171,783611,561992
141270,920324,294637
673891,553184,349449
550566,607228,862226
261660,913053,465884
143845,984676,205559
125490,709197,864044
465116,553184,349449
824886,156121,494517
527492,179981,163626
841969,802668,742717
565059,535032,976022
385866,564552,814630
357725,339682,154155
607368,724007,926420
729777,885007,655432
229171,246360,849172
571859,905392,749338
621419,945689,530825
728840,664297,861861
189933,560213,940950
246351,161100,962117
782692,705822,174807
135627,328222,774990
719497,363835,295619
340919,180451,110579
337924,586647,724779
977133,527508,927062
410604,168738,497062
114877,967057,617346
683072,869668,788679
280655,188249,863937
412003,438316,965475
701174,250372,527651
223842,624279,263556
271861,934759,962117
268234,210952,319271
749410,276522,219858
633016,631767,143875
191952,398828,691351
240056,847174,274530
530114,796150,232599
216038,161324,469760
866941,174645,131988
132481,980051,434582
896671,457191,713277
402150,459357,707108
690341,493513,798813
273321,202668,576011
271342,362917,324528
716751,696004,744441
781473,481880,602040
694061,367067,534209
928571,589592,589782
334822,248835,807157
881558,544096,694494
926511,762836,978598
780591,707040,965475
777268,593414,417261
256249,712725,794403
220857,512882,958996
902334,449948,256109
357150,333556,714200
609943,940718,108145
636859,103796,848579
659497,549457,770816
528680,720130,121494
544870,112525,387031
403433,997399,342118
379301,692413,354422
186463,704083,351768
692705,145588,151809
622718,614275,210256
182625,442378,112970
798564,124579,274530
149580,905200,938323
780834,220046,448248
318544,887320,995144
700489,522746,524357
691035,821939,949193
360785,283089,723638
829490,136422,561744
103032,995197,521839
743337,968999,109932
444326,821258,193325
386932,488404,251222
970792,721889,996824
191697,583175,129479
683072,992936,379785
318462,441269,525054
545233,288758,400621
602578,726609,278053
745204,598615,302530
896800,586423,699661
949425,117128,548212
425081,550717,494005
903583,535326,733668
223084,134866,120762
728472,496099,431222
225006,431527,667100
261278,328222,774990
530462,184839,926401
244671,183355,915712
489211,426804,346367
995331,270387,442900
995331,215846,125564
250661,504946,104439
325128,404164,267858
825155,781685,959582
339561,308400,459371
259495,262593,286290
117026,734373,762147
718809,613570,922737
851179,210952,319271
224751,720130,121494
399550,108094,392372
268234,614275,210256
743516,489153,220455
450678,658014,538469
161317,280760,144110
668627,978728,492330
608731,941656,712984
326627,185690,427337
366909,320869,912269
583059,678754,305970
574388,493931,603174
616786,245168,477978
609943,561295,163626
385866,247628,825200
438233,761377,602047
229696,496416,486674
585644,175866,547709
113656,799233,137098
905817,165186,660444
360785,838370,836694
701174,134058,129479
757557,228767,319840
728472,532954,997226
200680,179705,668197
621438,962804,108936
987854,409376,926420
659497,650349,902105
787178,248342,477662
674225,213331,828800
444476,459307,133003
137291,802217,222976
650783,986166,448248
327954,220877,857193
844071,684385,949103
353694,923115,109932
416977,864306,112970
724460,536667,461966
399550,276848,403404
163102,123681,880968
198143,664094,635208
820881,179705,668197
887116,245168,477978
622720,575059,546733
339799,320869,912269
211457,639051,474284
602578,561755,890022
810838,162969,538230
650586,483554,250053
114860,350079,437036
574733,739131,558179
206840,571836,153950
357015,859352,607935
184933,398828,691351
134075,772002,778173
643195,604173,873381
810883,469404,916447
116776,816186,137098
992682,697193,688817
457666,476638,733713
603942,451904,124126
640407,679091,131547
197929,984676,205559
134075,661908,593481
961181,581235,741440
574154,251468,870168
444717,290918,951404
474369,921564,699740
910460,497291,405836
145602,302182,932880
876202,572775,642527
142990,343714,393268
229171,128284,919528
116776,326898,550115
853265,476511,308691
437646,557435,891264
420168,416988,741440
275290,615548,410361
378248,796637,485429
694061,626312,791925
755565,728693,345282
229350,744235,163992
465116,848320,673607
218726,450495,443535
602578,681588,717717
507294,481541,478103
884571,781116,526758
844366,876189,915388
633016,597427,519149
994761,290760,938762
551537,948722,937161
597861,218333,692901
181470,585580,117127
334822,986069,564681
847058,399227,597918
649113,636246,535373
924171,814429,572021
945945,796731,882195
371942,118623,834567
961581,738462,602047
268065,592219,166438
268263,724082,694386
941693,418371,740370
798564,544812,681779
962365,262438,541140
470941,825213,561992
125230,879017,933330
981432,532954,997226
461029,776434,107027
225702,302479,521839
957570,976075,331989
775950,995634,686415
743337,164289,253310
897730,594100,269622
853831,772520,307704
476191,126686,560263
185733,103659,780600
359179,635243,621142
852979,563585,409690
683811,390573,832162
131754,362798,238497
875234,217315,100701
454212,256437,401284
147849,640207,613386
997875,152260,757393
412003,833856,605173
140179,162867,273393
135627,941300,433018
628926,163400,393571
519004,558135,716932
899470,629538,170907
401523,992842,838969
680686,248860,668197
229350,979973,865997
163344,779537,752399
932884,503655,668798
562498,939570,174582
652760,433656,690421
574388,621265,933391
208802,487472,953196
718116,265476,961533
306931,912177,600404
375776,852872,717834
803608,444334,545890
647857,952822,524357
396419,756066,368284
674225,909101,469106
652191,565891,597307
887116,921564,699740
936500,562478,216349
672322,864391,330730
434495,343935,498480
787178,532471,833582
682270,290110,734812
904912,367510,278053
973339,923842,740149
438701,708912,148671
358983,322111,368284
327954,596403,350221
470491,795776,348184
383376,707367,729670
673220,197865,674579
663518,457458,778276
589035,902447,888407
595571,292807,165254
925623,362559,310440
978377,317338,523028
757557,941656,712984
926511,480208,665673
223387,639736,382872
978377,394201,286290
154137,384417,555640
949803,361614,389214
659497,941589,432350
321645,884213,968803
806775,976075,331989
698174,975754,243537
484974,173679,287632
637327,364554,325032
824617,117128,548212
208802,624019,882220
720526,681187,801585
212522,483602,465884
300636,529931,868341
458911,284936,714414
501162,393454,577500
627899,695552,726833
561381,764175,524357
554640,664738,733713
620596,663241,599348
881558,453121,442350
409494,366998,528653
991604,383194,993831
672924,379588,256621
277260,939190,673942
574733,226623,949103
145602,134447,314264
634396,233966,191844
235030,810395,196564
511643,152259,547763
769217,342545,420451
659732,164583,659396
484889,155211,938762
847058,196383,329406
773541,290918,951404
150808,583537,975154
815590,782863,551420
230013,158514,838247
255368,445286,793200
489127,147418,221237
340919,518856,896658
106565,527109,557862
795790,954143,912058
984539,699800,323611
589035,204567,714414
597384,737190,534273
185733,984625,349723
606013,179708,284485
558753,154842,174982
916383,657628,755083
268263,702182,313494
134075,160723,136664
933149,905200,938323
559016,590326,121889
888600,473718,665673
137144,241177,696362
936925,712725,794403
978377,705874,241045
325128,516509,472937
947008,738462,602047
112408,553912,868758
562279,891635,912058
801914,525090,931726
268234,722262,712984
307842,194247,219472
236598,471627,915181
641908,475354,896658
414829,111730,519149
595571,116715,685094
999836,862099,819719
552869,796150,232599
919157,636603,110821
971970,617038,219472
176905,178819,556960
719497,712448,733205
837096,639395,405830
767287,826989,620990
785759,216770,994526
268065,813803,791925
239179,525089,345282
672322,936198,891264
907286,918017,741440
186555,999966,104309
269293,710994,393268
563918,673361,794403
768670,442050,900558
987166,442802,620990
445959,312219,548251
782692,117128,548212
109744,383061,310440
470491,658120,672214
268234,564552,814630
142990,847908,680261
888600,783571,694567
534387,937466,188636
847058,834503,432350
279590,808647,126793
773025,916919,599450
240299,133922,174807
656572,215664,680926
633016,339565,695835
617507,171713,231416
412003,624241,233814
943998,539040,933330
780834,476273,850077
126838,902676,287632
658104,607719,733668
722777,712725,794403
915918,963400,203254
326974,833152,948540
511643,542166,915181
142990,479758,883149
563918,145030,136664
223387,117530,667100
198143,236403,681843
973339,856700,351768
196446,577427,717945
559095,583845,883381
878323,579810,995144
809615,650461,934816
957570,126331,196877
925919,572546,951590
701174,363488,471523
420168,658120,672214
514828,329289,933330
975250,152259,547763
510098,776128,104309
762036,715722,236500
593088,112716,393132
243159,241079,731055
199095,290587,405528
221116,812872,102428
795777,814688,762630
214901,555101,924419
179984,923132,871203
729777,872328,519137
240911,833781,807157
921583,681187,801585
902615,279973,142315
798564,568339,922737
579669,510082,721521
197929,832327,295805
436356,218814,844328
841969,366804,196078
691035,519743,404421
339561,332047,165254
426688,890880,433304
344931,629590,232884
652194,812357,948540
318189,911016,185377
102215,764498,108936
438233,252718,319271
974166,503729,926401
305218,754023,680900
267329,132087,373408
253660,147625,923760
544898,912089,710574
434991,798763,740370
565059,365572,221669
779807,258745,801878
802347,425107,418621
505725,676106,538230
353694,218641,668774
770540,226845,538469
810838,213331,828800
505725,434721,488080
980700,384168,688300
886920,769760,769991
228377,676490,140076
634396,150411,361880
621419,640207,613386
183154,458821,863937
236598,839689,386410
157502,582427,789130
670005,251736,973628
212522,464991,910068
728840,588234,938323
312697,676293,600404
760160,716119,724779
649113,189946,252362
465219,207007,723638
751797,518856,896658
918904,575059,546733
608731,957579,764617
416127,328221,849172
622718,913600,931726
474369,583525,771045
816393,588527,596820
778299,779665,577650
765975,268074,289818
757557,628750,904271
564860,379176,674579
483251,921275,521216
400329,488995,975684
945340,810592,319271
876567,969126,272217
416977,276522,219858
866941,854444,781470
773541,928042,674867
690341,800016,981089
878926,185732,770816
328504,372947,359779
280655,605702,613187
614921,863262,171005
890183,270056,721600
406562,597000,997226
585217,383061,310440
297355,608671,834567
269156,714700,134233
325315,890320,929665
387805,615387,457065
680686,177559,211605
571859,442372,731700
520926,326876,883457
239215,647519,923760
412846,797248,645696
445733,627806,886175
151233,226018,876898
743516,373178,185377
178623,700550,389362
881558,990676,688300
271342,943423,308691
530462,497291,405836
365653,457937,832162
842303,855947,137911
939435,967057,617346
129983,642460,309440
271342,901885,617148
339799,143293,485429
924171,262667,415419
853265,309271,688300
357150,394160,124126
299688,330312,746830
936840,637903,109848
812212,585580,117127
595571,742329,671855
701442,681187,801585
299688,993867,636705
379301,151650,855496
407417,191890,340668
340919,324986,965475
949803,957428,528728
156451,313054,578158
319241,720883,301489
271550,411866,146376
939435,951554,621142
848264,221870,727732
354562,802668,742717
947008,732530,598092
786077,417631,927062
444717,697276,817767
434991,675130,137098
617507,479665,136664
198143,451468,595488
701781,449038,902105
560431,653946,375764
354562,628750,904271
566783,450077,501780
987166,701323,749619
701442,562458,324109
848264,558569,807157
140142,473427,723599
489211,865431,975684
329812,621307,261330
131754,955762,864044
305218,571464,547763
807194,510082,721521
484889,911829,886090
928571,319562,612989
341224,969126,272217
143845,809570,442433
339949,744859,620990
785759,603037,235203
765513,647800,325752
744741,799298,675500
877591,522620,141009
354562,601945,224784
543917,744497,442350
129983,152307,434310
751783,796559,915787
866941,397755,900583
607562,180859,245694
368192,190949,860719
732098,744360,717890
907286,859352,607935
241751,741657,975154
513216,789182,492789
543917,554016,324109
381870,679420,686228
878323,620539,892314
887761,126009,325032
376619,891635,912058
701781,254324,612989
976670,480406,635208
816393,446220,100599
543917,114975,489433
288905,221870,727732
798105,497611,774990
860395,292712,553156
973831,188249,863937
327025,377142,333092
595571,571836,153950
732098,218175,645923
236598,902677,714133
720526,220046,448248
228377,473261,874875
550566,101581,479511
268234,572208,176881
150973,147942,690466
743516,698441,614913
708782,774337,665402
326974,572546,951590
134283,870613,599227
913479,501237,432161
458911,368081,817326
297355,145594,700631
915918,294915,789547
224751,555101,924419
672322,303467,777909
221116,493203,817326
268065,582072,567756
189390,789182,492789
732167,583525,771045
655156,153071,915388
134283,578672,973863
998465,637535,159474
777268,251403,541140
300636,140878,352025
378119,542680,973628
400329,740915,275107
837096,452388,869421
582202,356080,882195
701204,809570,442433
928571,881151,657913
622718,505485,541140
325315,613925,208822
975344,379672,547279
132876,379782,231416
765975,436489,865296
802845,696893,349723
841297,526687,481678
809615,455488,887917
141270,935104,239719
875061,768417,194758
926866,963931,916971
128502,797757,421220
243974,420759,926401
161242,661939,133003
649113,537800,196078
749410,289888,553156
477072,751935,872934
703664,394783,563315
196446,854222,598092
354562,185690,427337
277260,879381,442900
110942,213621,334435
888076,995197,521839
744741,673672,125338
359179,422342,396560
768670,875581,538469
863849,801408,690466
856805,941300,433018
223084,327956,134233
147955,135656,691234
566783,579100,405528
555075,129784,546720
777268,134447,314264
773025,588985,767681
135627,918261,885128
